901,13,a,International Networks 882 Antarctica
365,840,ai,1264 Cable and Wireless
310,390,us,Yorkville Telephone Cooperative
310,050,us,Unknown
310,880,us,Unknown
310,850,us,Aeris Comm. Inc.
310,640,us,Unknown
310,510,us,Airtel Wireless LLC
310,190,us,Unknown
312,090,us,Allied Wireless Communications Corporation
311,130,us,Unknown
310,710,us,Arctic Slope Telephone Association Cooperative Inc.
310,410,us,AT&T Wireless Inc.
310,380,us,AT&T Wireless Inc.
310,170,us,AT&T Wireless Inc.
310,150,us,AT&T Wireless Inc.
310,680,us,AT&T Wireless Inc.
310,070,us,AT&T Wireless Inc.
310,560,us,AT&T Wireless Inc.
310,980,us,AT&T Wireless Inc.
311,810,us,Bluegrass Wireless LLC
311,800,us,Bluegrass Wireless LLC
311,440,us,Bluegrass Wireless LLC
310,900,us,Cable & Communications Corp.
311,590,us,California RSA No. 3 Limited Partnership
311,500,us,Cambridge Telephone Company Inc.
310,830,us,Caprock Cellular Ltd.
311,285,us,Verizon Wireless
311,110,us,Verizon Wireless
311,390,us,Verizon Wireless
311,274,us,Verizon Wireless
311,279,us,Verizon Wireless
311,484,us,Verizon Wireless
310,010,us,Verizon Wireless
311,284,us,Verizon Wireless
311,489,us,Verizon Wireless
310,910,us,Verizon Wireless
311,289,us,Verizon Wireless
311,273,us,Verizon Wireless
311,278,us,Verizon Wireless
311,483,us,Verizon Wireless
310,004,us,Verizon Wireless
311,283,us,Verizon Wireless
311,488,us,Verizon Wireless
310,890,us,Verizon Wireless
311,288,us,Verizon Wireless
311,272,us,Verizon Wireless
311,277,us,Verizon Wireless
311,482,us,Verizon Wireless
311,282,us,Verizon Wireless
311,487,us,Verizon Wireless
310,590,us,Verizon Wireless
311,287,us,Verizon Wireless
311,271,us,Verizon Wireless
311,481,us,Verizon Wireless
311,276,us,Verizon Wireless
311,281,us,Verizon Wireless
311,486,us,Verizon Wireless
310,013,us,Verizon Wireless
311,286,us,Verizon Wireless
311,270,us,Verizon Wireless
311,480,us,Verizon Wireless
311,275,us,Verizon Wireless
311,280,us,Verizon Wireless
311,485,us,Verizon Wireless
310,012,us,Verizon Wireless
310,360,us,Cellular Network Partnership LLC
312,280,us,Cellular Network Partnership LLC
312,270,us,Cellular Network Partnership LLC
311,190,us,Unknown
310,030,us,Unknown
311,120,us,Choice Phone LLC
310,480,us,Choice Phone LLC
310,630,us,Unknown
310,420,us,Cincinnati Bell Wireless LLC
310,180,us,Cingular Wireless
310,620,us,Coleman County Telco /Trans TX
311,040,us,Unknown
312,380,us,Unknown
310,930,us,Unknown
311,240,us,Unknown
310,080,us,Unknown
310,700,us,Cross Valliant Cellular Partnership
312,030,us,Cross Wireless Telephone Co.
311,140,us,Cross Wireless Telephone Co.
311,520,us,Unknown
312,040,us,Custer Telephone Cooperative Inc.
310,440,us,Dobson Cellular Systems
310,990,us,E.N.M.R. Telephone Coop.
312,130,us,East Kentucky Network LLC
312,120,us,East Kentucky Network LLC
310,750,us,East Kentucky Network LLC
310,090,us,Edge Wireless LLC
310,610,us,Elkhart TelCo. / Epic Touch Co.
311,210,us,Unknown
311,311,us,Farmers
311,460,us,Fisher Wireless Services Inc.
311,370,us,GCI Communication Corp.
310,430,us,GCI Communication Corp.
310,920,us,Get Mobile Inc.
310,970,us,Unknown
311,340,us,Illinois Valley Cellular RSA 2 Partnership
311,030,us,Unknown
312,170,us,Iowa RSA No. 2 Limited Partnership
311,410,us,Iowa RSA No. 2 Limited Partnership
310,770,us,Iowa Wireless Services LLC
310,650,us,Jasper
310,870,us,Kaplan Telephone Company Inc.
310,690,us,Keystone Wireless LLC
312,180,us,Keystone Wireless LLC
311,310,us,Lamar County Cellular
310,016,us,Leap Wireless International Inc.
311,090,us,Unknown
310,040,us,Matanuska Tel. Assn. Inc.
310,780,us,Message Express Co. / Airlink PCS
311,660,us,Unknown
311,330,us,Michigan Wireless LLC
311,000,us,Unknown
310,400,us,Minnesota South. Wirel. Co. / Hickory
311,920,us,Missouri RSA No 5 Partnership
311,020,us,Missouri RSA No 5 Partnership
311,010,us,Missouri RSA No 5 Partnership
312,220,us,Missouri RSA No 5 Partnership
312,010,us,Missouri RSA No 5 Partnership
310,350,us,Mohave Cellular LP
310,570,us,MTPCS LLC
310,290,us,NEP Cellcorp Inc.
311,380,us,Unknown
310,600,us,New-Cell Inc.
311,100,us,Unknown
311,300,us,Nexus Communications Inc.
310,130,us,North Carolina RSA 3 Cellular Tel. Co.
311,610,us,North Dakota Network Company
312,230,us,North Dakota Network Company
310,450,us,Northeast Colorado Cellular Inc.
311,710,us,Northeast Wireless Networks LLC
310,670,us,Northstar
310,011,us,Northstar
311,420,us,Northwest Missouri Cellular Limited Partnership
310,540,us,Unknown
310,760,us,Panhandle Telephone Cooperative Inc.
310,580,us,PCS ONE
311,170,us,PetroCom
311,670,us,Pine Belt Cellular,Inc.
311,080,us,Unknown
310,790,us,Unknown
310,100,us,Plateau Telecommunications Inc.
310,940,us,Poka Lambro Telco Ltd.
311,540,us,Unknown
311,730,us,Unknown
310,500,us,Public Service Cellular Inc.
312,160,us,RSA 1 Limited Partnership
311,430,us,RSA 1 Limited Partnership
311,350,us,Sagebrush Cellular Inc.
311,910,us,Unknown
311,260,us,SLO Cellular Inc / Cellular One of San Luis
310,320,us,Smith Bagley Inc.
316,011,us,Southern Communications Services Inc.
312,530,us,Sprint Spectrum
310,120,us,Sprint Spectrum
316,010,us,Sprint Spectrum
312,190,us,Sprint Spectrum
311,880,us,Sprint Spectrum
311,870,us,Sprint Spectrum
311,490,us,Sprint Spectrum
310,240,us,T-Mobile
310,660,us,T-Mobile
310,230,us,T-Mobile
310,220,us,T-Mobile
310,270,us,T-Mobile
310,210,us,T-Mobile
310,260,us,T-Mobile
310,200,us,T-Mobile
310,250,us,T-Mobile
310,160,us,T-Mobile
310,280,us,T-Mobile
310,330,us,T-Mobile
310,800,us,T-Mobile
310,300,us,T-Mobile
310,310,us,T-Mobile
311,740,us,Unknown
310,740,us,Telemetrix Inc.
310,950,us,Unknown
310,860,us,Texas RSA 15B2 Limited Partnership
311,050,us,Thumb Cellular Limited Partnership
311,830,us,Thumb Cellular Limited Partnership
310,460,us,TMP Corporation
310,490,us,Triton PCS
312,290,us,Uintah Basin Electronics Telecommunications Inc.
311,860,us,Uintah Basin Electronics Telecommunications Inc.
310,960,us,Uintah Basin Electronics Telecommunications Inc.
310,020,us,Union Telephone Co.
311,220,us,United States Cellular Corp.
310,730,us,United States Cellular Corp.
311,650,us,United Wireless Communications Inc.
310,520,us,VeriSign
310,003,us,Unknown
310,530,us,West Virginia Wireless
310,340,us,Westlink Communications,LLC
311,150,us,Unknown
311,070,us,States 1 Wisconsin RSA #7 Limited Partnership
374,120,tt,1868 Bmobile/TSTT
374,130,tt,1868 Digicel
374,140,tt,1868 LaqTel Ltd.
376,350,tc,Cable & Wireless (TCI) Ltd
376,050,tc,Digicel TCI Ltd
376,352,tc,IslandCom Communications Ltd.
360,100,vc,1784 Cingular
360,050,vc,1784 Digicel
360,110,vc,1784 C & W
358,110,lc,1758 Cable & Wireless
356,110,kn,1869 Cable & Wireless
330,110,pr,Puerto Rico Telephone Company Inc. (PRTC)
242,017,no,47 Ventelo AS
362,951,an,599 UTS Wireless
362,630,an,599 Cingular Wireless
502,198,my,60 CelCom
502,153,my,60 Packet One Networks (Malaysia) Sdn Bhd
502,155,my,60 Samata Communications Sdn Bhd
502,154,my,60 Talk Focus Sdn Bhd
502,195,my,60 XOX Com Sdn Bhd
502,152,my,60 YES
334,050,mx,52 IUSACell/UneFon
334,040,mx,52 IUSACell/UneFon
334,030,mx,52 Movistar/Pegaso
334,090,mx,52 NEXTEL
334,010,mx,52 NEXTEL
334,080,mx,52 Operadora Unefon SA de CV
334,070,mx,52 Operadora Unefon SA de CV
334,060,mx,52 SAI PCS
334,020,mx,52 TelCel/America Movil
354,860,ms,1664 Cable & Wireless
502,151,my,60 Baraka Telecom Sdn Bhd
467,193,kp,N.,Dem. People's Rep. 850 Sun Net
338,110,jm,1876 Cable & Wireless
338,020,jm,1876 Cable & Wireless
338,180,jm,1876 Cable & Wireless
338,050,jm,1876 DIGICEL/Mossel
405,034,in,91 TATA / Karnataka
404,045,in,91 Bharti Airtel Limited (Karnataka) (India)
708,040,hn,504 Digicel
708,030,hn,504 HonduTel
708,001,hn,504 SERCOM/CLARO
708,002,hn,504 Telefonica/CELTEL
310,470,gu,1671 Docomo
310,370,gu,1671 Docomo
310,140,gu,1671 GTA Wireless
310,033,gu,1671 Guam Teleph. Auth.
310,032,gu,1671 IT&E OverSeas
311,250,gu,1671 Wave Runner LLC
352,110,gd,1473 Cable & Wireless
352,030,gd,1473 Digicel
352,050,gd,1473 Digicel
750,001,fk,500 Cable and Wireless South Atlantic Ltd (Falkland Islands
366,110,dm,1767 C & W
366,020,dm,1767 Cingular Wireless/Digicel
366,050,dm,1767 Wireless Ventures (Dominica) Ltd (Digicel Dominica)
732,130,co,57 Avantel SAS
732,102,co,57 Movistar
732,103,co,57 TIGO/Colombia Movil
732,001,co,57 TIGO/Colombia Movil
732,101,co,57 Comcel S.A. Occel S.A./Celcaribe
732,002,co,57 Edatel S.A.
732,123,co,57 Movistar
732,111,co,57 TIGO/Colombia Movil
732,142,co,57 UNE EPM Telecomunicaciones SA ESP
732,020,co,57 UNE EPM Telecomunicaciones SA ESP
732,154,co,57 Virgin Mobile Colombia SAS
346,050,ky,1345 Digicel Cayman Ltd
346,006,ky,1345 Digicel Ltd.
346,140,ky,1345 LIME / Cable & Wirel.
302,652,ca,BC Tel Mobility
302,630,ca,Bell Aliant
302,610,ca,Bell Mobility
302,651,ca,Bell Mobility
302,670,ca,CityWest Mobility
302,361,ca,Clearnet
302,360,ca,Clearnet
302,380,ca,DMTS Mobility
302,710,ca,Globalstar Canada
302,640,ca,Latitude Wireless
302,370,ca,FIDO (Rogers AT&T/ Microcell)
302,320,ca,mobilicity
302,702,ca,MT&T Mobility
302,655,ca,MTS Mobility
302,660,ca,MTS Mobility
302,701,ca,NB Tel Mobility
302,703,ca,New Tel Mobility
302,760,ca,Public Mobile
302,657,ca,Quebectel Mobility
302,720,ca,Rogers AT&T Wireless
302,654,ca,Sask Tel Mobility
302,680,ca,Sask Tel Mobility
302,656,ca,Tbay Mobility
302,653,ca,Telus Mobility
302,220,ca,Telus Mobility
302,500,ca,Videotron
302,490,ca,WIND
348,570,vg,284 Caribbean Cellular
348,770,vg,284 Digicel
348,170,vg,284 LIME
350,000,bm,1441 Bermuda Digital Communications Ltd (BDC)
365,010,ai,1264 Digicell / Wireless Vent. Ltd
344,030,ag,1268 APUA PCS
344,920,ag,1268 C & W
344,930,ag,1268 DigiCel/Cing. Wireless
722,310,ar,54 Claro/ CTI/AMX
722,330,ar,54 Claro/ CTI/AMX
722,320,ar,54 Claro/ CTI/AMX
722,010,ar,54 Compania De Radiocomunicaciones Moviles SA
722,070,ar,54 Movistar/Telefonica
722,020,ar,54 Nextel
722,341,ar,54 Telecom Personal S.A.
364,390,bs,1242 Bahamas Telco. Comp.
342,600,bb,1246 C & W BET Ltd.
342,810,bb,1246 Cingular Wireless
342,750,bb,1246 Digicel
342,050,bb,1246 Digicel
342,820,bb,1246 Sunbeach
289,68,ge,7 A-Mobile
289,88,ge,7 A-Mobile
289,67,ge,7 Aquafon
412,88,af,93 Afghan Telecom Corp. (AT)
412,80,af,93 Afghan Telecom Corp. (AT)
412,01,af,93 Afghan Wireless/AWCC
412,40,af,93 Areeba/MTN
412,50,af,93 Etisalat
412,20,af,93 Roshan/TDCA
412,03,af,93 WaselTelecom (WT)
276,01,al,355 AMC/Cosmote
276,03,al,355 Eagle Mobile
276,04,al,355 PLUS Communication Sh.a
276,02,al,355 Vodafone
603,01,dz,213 ATM Mobils
603,02,dz,213 Orascom / DJEZZY
603,03,dz,213 Oreedo/Wataniya / Nedjma
544,11,as,684 Blue Sky Communications
213,03,ad,376 Mobiland
631,04,ao,244 MoviCel
631,02,ao,244 Unitel
283,01,am,374 ArmenTel/Beeline
283,04,am,374 Karabakh Telecom
283,10,am,374 Orange
283,05,am,374 Vivacell
363,20,aw,297 Digicel
363,02,aw,297 Digicel
363,01,aw,297 Setar GSM
505,14,au,61 AAPT Ltd.
505,24,au,61 Advanced Comm Tech Pty.
505,09,au,61 Airnet Commercial Australia Ltd..
505,04,au,61 Department of Defense
505,26,au,61 Dialogue Communications Pty Ltd
505,12,au,61 H3G Ltd.
505,06,au,61 H3G Ltd.
505,88,au,61 Localstar Holding Pty. Ltd
505,19,au,61 Lycamobile Pty Ltd
505,08,au,61 Railcorp/Vodafone
505,99,au,61 Railcorp/Vodafone
505,13,au,61 Railcorp/Vodafone
505,90,au,61 Singtel Optus
505,02,au,61 Singtel Optus
505,71,au,61 Telstra Corp. Ltd.
505,01,au,61 Telstra Corp. Ltd.
505,11,au,61 Telstra Corp. Ltd.
505,72,au,61 Telstra Corp. Ltd.
505,05,au,61 The Ozitel Network Pty.
505,16,au,61 Victorian Rail Track Corp. (VicTrack)
505,07,au,61 Vodafone
505,03,au,61 Vodafone
232,11,at,43 A1 MobilKom
232,02,at,43 A1 MobilKom
232,09,at,43 A1 MobilKom
232,01,at,43 A1 MobilKom
232,15,at,43 T-Mobile/Telering
232,10,at,43 H3G
232,14,at,43 H3G
232,05,at,43 3/Orange/One Connect
232,12,at,43 3/Orange/One Connect
232,06,at,43 3/Orange/One Connect
232,17,at,43 Spusu/Mass Response
232,07,at,43 T-Mobile/Telering
232,04,at,43 T-Mobile/Telering
232,03,at,43 T-Mobile/Telering
232,08,at,43 A1 MobilKom
400,01,az,994 Azercell Telekom B.M.
400,04,az,994 Azerfon.
400,03,az,994 Caspian American Telecommunications LLC (CATEL)
400,02,az,994 J.V. Bakcell GSM 2000
364,30,bs,1242 Bahamas Telco. Comp.
364,39,bs,1242 Bahamas Telco. Comp.
364,03,bs,1242 Smart Communications
426,01,bh,973 Batelco
426,02,bh,973 ZAIN/Vodafone
426,04,bh,973 VIVA
470,02,bd,880 Robi/Aktel
470,05,bd,880 Citycell
470,06,bd,880 Citycell
470,01,bd,880 GrameenPhone
470,03,bd,880 Orascom/Banglalink
470,04,bd,880 TeleTalk
470,07,bd,880 Airtel/Warid
257,03,by,375 BelCel JV
257,04,by,375 BeST
257,01,by,375 Mobile Digital Communications
257,02,by,375 MTS
206,20,be,32 Base/KPN
206,01,be,32 Belgacom/Proximus
206,06,be,32 Lycamobile Belgium
206,10,be,32 Mobistar/Orange
206,02,be,32 SNCT/NMBS
206,05,be,32 Telenet BidCo NV
702,67,bz,501 DigiCell
702,68,bz,501 International Telco (INTELCO)
616,04,bj,229 Bell Benin/BBCOM
616,02,bj,229 Etisalat/MOOV
616,05,bj,229 GloMobile
616,01,bj,229 Libercom
616,03,bj,229 MTN/Spacetel
350,99,bm,1441 CellOne Ltd
350,10,bm,1441 DigiCel / Cingular
350,02,bm,1441 M3 Wireless Ltd
350,01,bm,1441 Telecommunications (Bermuda & West Indies) Ltd (Digicel Bermuda)
402,11,bt,975 B-Mobile
402,17,bt,975 Bhutan Telecom Ltd (BTL)
402,77,bt,975 TashiCell
736,02,bo,591 Entel Pcs
736,01,bo,591 Nuevatel
736,03,bo,591 TELECEL BOLIVIA
218,90,ba,387 BH Mobile
218,03,ba,387 Eronet Mobile
218,05,ba,387 M-Tel
652,04,bw,267 BeMOBILE
652,01,bw,267 Mascom Wireless (Pty) Ltd.
652,02,bw,267 Orange
724,12,br,55 Claro/Albra/America Movil
724,38,br,55 Claro/Albra/America Movil
724,05,br,55 Claro/Albra/America Movil
724,01,br,55 Vivo S.A./Telemig
724,34,br,55 CTBC Celular SA (CTBC)
724,33,br,55 CTBC Celular SA (CTBC)
724,32,br,55 CTBC Celular SA (CTBC)
724,08,br,55 TIM
724,39,br,55 Nextel (Telet)
724,00,br,55 Nextel (Telet)
724,31,br,55 Oi (TNL PCS / Oi)
724,16,br,55 Brazil Telcom
724,24,br,55 Amazonia Celular S/A
724,30,br,55 Oi (TNL PCS / Oi)
724,54,br,55 PORTO SEGURO TELECOMUNICACOES
724,15,br,55 Sercontel Cel
724,07,br,55 CTBC/Triangulo
724,19,br,55 Vivo S.A./Telemig
724,03,br,55 TIM
724,02,br,55 TIM
724,04,br,55 TIM
724,37,br,55 Unicel do Brasil Telecomunicacoes Ltda
724,06,br,55 Vivo S.A./Telemig
724,23,br,55 Vivo S.A./Telemig
724,11,br,55 Vivo S.A./Telemig
724,10,br,55 Vivo S.A./Telemig
528,02,bn,673 b-mobile
528,11,bn,673 Datastream (DTSCom)
528,01,bn,673 Telekom Brunei Bhd (TelBru)
284,06,bg,359 BTC Mobile EOOD (vivatel)
284,03,bg,359 BTC Mobile EOOD (vivatel)
284,05,bg,359 Telenor/Cosmo/Globul
284,01,bg,359 MobilTel AD
613,03,bf,226 TeleCel
613,01,bf,226 TeleMob-OnaTel
613,02,bf,226 Airtel/ZAIN/CelTel
642,02,bi,257 Africel / Safaris
642,08,bi,257 Lumitel/Viettel
642,03,bi,257 Onatel / Telecel
642,07,bi,257 Smart Mobile / LACELL
642,01,bi,257 Spacetel / Econet / Leo
642,82,bi,257 Spacetel / Econet / Leo
456,04,kh,855 Cambodia Advance Communications Co. Ltd (CADCOMMS)
456,02,kh,855 Smart Mobile
456,08,kh,855 Metfone
456,18,kh,855 MFone/Camshin/Cellcard
456,01,kh,855 Mobitel/Cam GSM
456,03,kh,855 QB/Cambodia Adv. Comms.
456,06,kh,855 Smart Mobile
456,05,kh,855 Smart Mobile
456,09,kh,855 Sotelco/Beeline
624,01,cm,237 MTN
624,04,cm,237 Nextel
624,02,cm,237 Orange
625,01,cv,238 CV Movel
625,02,cv,238 T+ Telecom
623,01,cf,236 Centrafr. Telecom+
623,04,cf,236 Nationlink
623,03,cf,236 Orange/Celca
623,02,cf,236 Telecel Centraf.
622,04,td,235 Salam/Sotel
622,02,td,235 Tchad Mobile
622,03,td,235 Tigo/Milicom/Tchad Mobile
622,01,td,235 Airtel/ZAIN/Celtel
730,06,cl,56 Blue Two Chile SA
730,11,cl,56 Celupago SA
730,15,cl,56 Cibeles Telecom SA
730,03,cl,56 Claro
730,10,cl,56 Entel Telefonia
730,01,cl,56 Entel Telefonia Mov
730,14,cl,56 Netline Telefonica Movil Ltda
730,09,cl,56 Nextel SA
730,05,cl,56 Nextel SA
730,04,cl,56 Nextel SA
730,02,cl,56 TELEFONICA
730,07,cl,56 TELEFONICA
730,12,cl,56 Telestar Movil SA
730,00,cl,56 TESAM SA
730,13,cl,56 Tribe Mobile SPA
730,08,cl,56 VTR Banda Ancha SA
460,00,cn,86 China Mobile GSM
460,07,cn,86 China Mobile GSM
460,02,cn,86 China Mobile GSM
460,04,cn,86 China Space Mobile Satellite Telecommunications Co. Ltd (China Spacecom)
460,05,cn,86 China Telecom
460,03,cn,86 China Telecom
460,06,cn,86 China Unicom
460,01,cn,86 China Unicom
654,01,km,269 HURI - SNPT
630,90,cd,243 Africell
630,86,cd,243 Orange RDC sarl
630,05,cd,243 SuperCell
630,89,cd,243 TIGO/Oasis
630,01,cd,243 Vodacom
630,88,cd,243 Yozma Timeturns sprl (YTT)
630,02,cd,243 Airtel/ZAIN
629,01,cg,242 Airtel SA
629,02,cg,242 Azur SA (ETC)
629,10,cg,242 MTN/Libertis
629,07,cg,242 Warid
548,01,ck,682 Telecom Cook Islands
712,03,cr,506 Claro
712,02,cr,506 ICE
712,01,cr,506 ICE
712,04,cr,506 Movistar
712,20,cr,506 Virtualis
219,01,hr,385 T-Mobile/Cronet
219,02,hr,385 Tele2
219,10,hr,385 VIPnet d.o.o.
368,01,cu,53 C-COM
362,95,cw,599 EOCG Wireless NV
362,69,cw,599 Polycom N.V./ Digicel
280,10,cy,357 MTN/Areeba
280,20,cy,357 PrimeTel PLC
280,01,cy,357 Vodafone/CyTa
230,08,cz,420 Compatel s.r.o.
230,02,cz,420 O2
230,01,cz,420 T-Mobile / RadioMobil
230,05,cz,420 Travel Telekommunikation s.r.o.
230,04,cz,420 Ufone
230,99,cz,420 Vodafone
230,03,cz,420 Vodafone
238,05,dk,45 ApS KBUS
238,23,dk,45 Banedanmark
238,28,dk,45 CoolTEL ApS
238,06,dk,45 H3G
238,12,dk,45 Lycamobile Ltd
238,03,dk,45 Mach Connectivity ApS
238,07,dk,45 Mundio Mobile
238,04,dk,45 NextGen Mobile Ltd (CardBoardFish)
238,10,dk,45 TDC Denmark
238,01,dk,45 TDC Denmark
238,77,dk,45 Telenor/Sonofon
238,02,dk,45 Telenor/Sonofon
238,20,dk,45 Telia
238,30,dk,45 Telia
638,01,dj,253 Djibouti Telecom SA (Evatis)
370,02,do,1809 Claro
370,01,do,1809 Orange
370,03,do,1809 TRIcom
370,04,do,1809 Trilogy Dominicana S. A.
740,02,ec,593 Alegro/Telcsa
740,00,ec,593 MOVISTAR/OteCel
740,01,ec,593 Porta/Conecel
602,01,eg,20 EMS - Mobinil
602,03,eg,20 ETISALAT
602,02,eg,20 Vodafone/Mirsfone
706,01,sv,503 CLARO/CTE
706,02,sv,503 Digicel
706,05,sv,503 INTELFON SA de CV
706,04,sv,503 Telefonica
706,03,sv,503 Telemovil
627,03,gq,240 HiTs-GE
627,01,gq,240 ORANGE/GETESA
657,01,er,291 Eritel
248,01,ee,372 EMT GSM
248,02,ee,372 Radiolinja Eesti
248,03,ee,372 Tele2 Eesti AS
248,04,ee,372 Top Connect OU
636,01,et,251 ETH/MTN
288,03,fo,298 Edge Mobile Sp/F
288,01,fo,298 Faroese Telecom
288,02,fo,298 Kall GSM
542,02,fj,679 DigiCell
542,01,fj,679 Vodafone
244,14,fi,358 Alands
244,26,fi,358 Compatel Ltd
244,13,fi,358 DNA/Finnet
244,12,fi,358 DNA/Finnet
244,04,fi,358 DNA/Finnet
244,03,fi,358 DNA/Finnet
244,21,fi,358 Elisa/Saunalahti
244,05,fi,358 Elisa/Saunalahti
244,82,fi,358 ID-Mobile
244,11,fi,358 Mundio Mobile (Finland) Ltd
244,09,fi,358 Nokia Oyj
244,10,fi,358 TDC Oy Finland
244,91,fi,358 TeliaSonera
208,27,fr,33 AFONE SA
208,92,fr,33 Association Plate-forme Telecom
208,28,fr,33 Astrium
208,20,fr,33 Bouygues Telecom
208,88,fr,33 Bouygues Telecom
208,21,fr,33 Bouygues Telecom
208,14,fr,33 Lliad/FREE Mobile
208,07,fr,33 GlobalStar
208,06,fr,33 GlobalStar
208,05,fr,33 GlobalStar
208,29,fr,33 Orange
208,17,fr,33 Legos - Local Exchange Global Operation Services SA
208,16,fr,33 Lliad/FREE Mobile
208,15,fr,33 Lliad/FREE Mobile
208,25,fr,33 Lycamobile SARL
208,24,fr,33 MobiquiThings
208,03,fr,33 MobiquiThings
208,31,fr,33 Mundio Mobile (France) Ltd
208,26,fr,33 NRJ
208,89,fr,33 Virgin Mobile/Omer
208,23,fr,33 Virgin Mobile/Omer
208,91,fr,33 Orange
208,02,fr,33 Orange
208,01,fr,33 Orange
208,11,fr,33 S.F.R.
208,13,fr,33 S.F.R.
208,10,fr,33 S.F.R.
208,09,fr,33 S.F.R.
208,04,fr,33 SISTEER
208,00,fr,33 Tel/Tel
208,22,fr,33 Transatel SA
340,20,fg,594 Bouygues/DigiCel
340,01,fg,594 Orange Caribe
340,02,fg,594 Outremer Telecom
340,11,fg,594 TelCell GSM
340,03,fg,594 TelCell GSM
547,15,pf,689 Pacific Mobile Telecom (PMT)
547,20,pf,689 Vini/Tikiphone
628,04,ga,241 Azur/Usan S.A.
628,01,ga,241 Libertis S.A.
628,02,ga,241 MOOV/Telecel
628,03,ga,241 Airtel/ZAIN/Celtel Gabon S.A.
607,02,gm,220 Africel
607,03,gm,220 Comium
607,01,gm,220 Gamcel
607,04,gm,220 Q-Cell
282,01,ge,995 Geocell Ltd.
282,03,ge,995 Iberiatel Ltd.
282,02,ge,995 Magti GSM Ltd.
282,04,ge,995 MobiTel/Beeline
282,05,ge,995 Silknet
262,17,de,49 E-Plus
262,10,de,49 DB Netz AG
262,77,de,49 E-Plus
262,03,de,49 E-Plus
262,05,de,49 E-Plus
262,12,de,49 E-Plus
262,20,de,49 E-Plus
262,14,de,49 Group 3G UMTS
262,43,de,49 Lycamobile
262,13,de,49 Mobilcom
262,11,de,49 O2
262,08,de,49 O2
262,07,de,49 O2
262,06,de,49 T-mobile/Telekom
262,01,de,49 T-mobile/Telekom
262,16,de,49 Telogic/ViStream
262,09,de,49 Vodafone D2
262,42,de,49 Vodafone D2
262,04,de,49 Vodafone D2
262,02,de,49 Vodafone D2
620,04,gh,233 Expresso Ghana Ltd
620,07,gh,233 GloMobile
620,03,gh,233 Milicom/Tigo
620,01,gh,233 MTN
620,02,gh,233 Vodafone
620,06,gh,233 Airtel/ZAIN
266,06,gi,350 CTS Mobile
266,09,gi,350 eazi telecom
266,01,gi,350 Gibtel GSM
202,07,gr,30 AMD Telecom SA
202,01,gr,30 Cosmote
202,02,gr,30 Cosmote
202,14,gr,30 CyTa Mobile
202,04,gr,30 Organismos Sidirodromon Ellados (OSE)
202,03,gr,30 OTE Hellenic Telecommunications Organization SA
202,09,gr,30 Tim/Wind
202,10,gr,30 Tim/Wind
202,05,gr,30 Vodafone
290,01,gl,299 Tele Greenland
340,08,gp,590 Dauphin Telecom SU (Guadeloupe Telecom)
340,10,gp,590
704,01,gt,502 SERCOM
704,03,gt,502 Telefonica
704,02,gt,502 TIGO/COMCEL
611,04,gn,224 MTN/Areeba
611,05,gn,224 Celcom
611,03,gn,224 Intercel
611,01,gn,224 Orange/Sonatel/Spacetel
611,02,gn,224 SotelGui
632,01,gw,245 GuineTel
632,03,gw,245 Orange
632,02,gw,245 SpaceTel
738,02,gy,592 Cellink Plus
738,01,gy,592 DigiCel
372,01,ht,509 Comcel
372,02,ht,509 Digicel
372,03,ht,509 National Telecom SA (NatCom)
454,28,hk,852 China Mobile/Peoples
454,13,hk,852 China Mobile/Peoples
454,12,hk,852 China Mobile/Peoples
454,09,hk,852 China Motion
454,07,hk,852 China Unicom Ltd
454,11,hk,852 China-HongKong Telecom Ltd (CHKTL)
454,01,hk,852 Citic Telecom Ltd.
454,00,hk,852 CSL Ltd.
454,18,hk,852 CSL Ltd.
454,02,hk,852 CSL Ltd.
454,10,hk,852 CSL/New World PCS Ltd.
454,05,hk,852 H3G/Hutchinson
454,04,hk,852 H3G/Hutchinson
454,03,hk,852 H3G/Hutchinson
454,14,hk,852 H3G/Hutchinson
454,19,hk,852 HKT/PCCW
454,20,hk,852 HKT/PCCW
454,29,hk,852 HKT/PCCW
454,16,hk,852 HKT/PCCW
454,47,hk,852 shared by private TETRA systems
454,40,hk,852 shared by private TETRA systems
454,08,hk,852 Truephone
454,06,hk,852 Vodafone/SmarTone
454,17,hk,852 Vodafone/SmarTone
454,15,hk,852 Vodafone/SmarTone
216,01,hu,36 Pannon/Telenor
216,30,hu,36 T-mobile/Magyar
216,71,hu,36 UPC Magyarorszag Kft.
216,70,hu,36 Vodafone
274,09,is,354 Amitelo
274,07,is,354 IceCell
274,08,is,354 Siminn
274,01,is,354 Siminn
274,11,is,354 NOVA
274,04,is,354 VIKING/IMC
274,05,is,354 Vodafone/Tal hf
274,02,is,354 Vodafone/Tal hf
274,03,is,354 Vodafone/Tal hf
404,33,in,91 Aircel
404,29,in,91 Aircel
404,28,in,91 Aircel
404,25,in,91 Aircel
404,17,in,91 Aircel
404,42,in,91 Aircel
404,01,in,91 Aircel Digilink India
404,15,in,91 Aircel Digilink India
404,60,in,91 Aircel Digilink India
405,53,in,91 AirTel
404,86,in,91 Barakhamba Sales & Serv.
404,13,in,91 Barakhamba Sales & Serv.
404,80,in,91 BSNL
404,57,in,91 BSNL
404,73,in,91 BSNL
404,34,in,91 BSNL
404,55,in,91 BSNL
404,66,in,91 BSNL
404,72,in,91 BSNL
404,77,in,91 BSNL
404,54,in,91 BSNL
404,64,in,91 BSNL
404,71,in,91 BSNL
404,76,in,91 BSNL
404,53,in,91 BSNL
404,62,in,91 BSNL
404,59,in,91 BSNL
404,75,in,91 BSNL
404,51,in,91 BSNL
404,81,in,91 BSNL
404,58,in,91 BSNL
404,74,in,91 BSNL
404,38,in,91 BSNL
404,10,in,91 Bharti Airtel Limited (Delhi)
404,79,in,91 CellOne A&N
404,88,in,91 Escorts Telecom Ltd.
404,87,in,91 Escorts Telecom Ltd.
404,82,in,91 Escorts Telecom Ltd.
404,89,in,91 Escorts Telecom Ltd.
404,12,in,91 Escotel Mobile Communications
404,19,in,91 Escotel Mobile Communications
404,56,in,91 Escotel Mobile Communications
405,05,in,91 Fascel Limited
404,05,in,91 Fascel
404,70,in,91 Hexacom India
404,16,in,91 Hexcom India
404,24,in,91 Idea Cellular Ltd.
404,22,in,91 Idea Cellular Ltd.
404,78,in,91 Idea Cellular Ltd.
404,07,in,91 Idea Cellular Ltd.
404,04,in,91 Idea Cellular Ltd.
404,69,in,91 Mahanagar Telephone Nigam
404,68,in,91 Mahanagar Telephone Nigam
404,83,in,91 Reliable Internet Services
404,36,in,91 Reliance Telecom Private
404,52,in,91 Reliance Telecom Private
404,50,in,91 Reliance Telecom Private
404,67,in,91 Reliance Telecom Private
404,18,in,91 Reliance Telecom Private
404,85,in,91 Reliance Telecom Private
404,09,in,91 Reliance Telecom Private
404,41,in,91 RPG Cellular
404,14,in,91 Spice
404,44,in,91 Spice
404,11,in,91 Sterling Cellular Ltd.
404,30,in,91 Usha Martin Telecom
510,08,id,62 Axis/Natrindo
510,99,id,62 Esia (PT Bakrie Telecom) (CDMA)
510,07,id,62 Flexi (PT Telkom) (CDMA)
510,89,id,62 H3G CP
510,21,id,62 Indosat/Satelindo/M3
510,01,id,62 Indosat/Satelindo/M3
510,00,id,62 PT Pasifik Satelit Nusantara (PSN)
510,27,id,62 PT Sampoerna Telekomunikasi Indonesia (STI)
510,28,id,62 PT Smartfren Telecom Tbk
510,09,id,62 PT Smartfren Telecom Tbk
510,11,id,62 PT. Excelcom
510,10,id,62 Telkomsel
432,19,ir,98 Mobile Telecommunications Company of Esfahan JV-PJS (MTCE)
432,70,ir,98 MTCE
432,35,ir,98 MTN/IranCell
432,20,ir,98 Rightel
432,32,ir,98 Taliya
432,11,ir,98 MCI/TCI
432,14,ir,98 TKC/KFZO
418,05,iq,964 Asia Cell
418,92,iq,964 Itisaluna and Kalemat
418,82,iq,964 Korek
418,40,iq,964 Korek
418,45,iq,964 Mobitel (Iraq-Kurdistan) and Moutiny
418,30,iq,964 Orascom Telecom
418,20,iq,964 ZAIN/Atheer/Orascom
418,08,iq,964 Sanatel
272,04,ie,353 Access Telecom Ltd.
272,09,ie,353 Clever Communications Ltd
272,07,ie,353 eircom Ltd
272,05,ie,353 Three/H3G
272,11,ie,353 Liffey Telecom
272,13,ie,353 Lycamobile
272,03,ie,353 Meteor Mobile Ltd.
272,02,ie,353 Three/O2/Digifone
272,01,ie,353 Vodafone Eircell
425,14,il,972 Alon Cellular Ltd
425,02,il,972 Cellcom ltd.
425,08,il,972 Golan Telekom
425,15,il,972 Home Cellular Ltd
425,77,il,972 Hot Mobile/Mirs
425,07,il,972 Hot Mobile/Mirs
425,01,il,972 Orange/Partner Co. Ltd.
425,03,il,972 Pelephone
425,16,il,972 Rami Levy Hashikma Marketing Communications Ltd
425,19,il,972 Telzar/AZI
222,34,it,39 BT Italia SpA
222,02,it,39 Elsacom
222,08,it,39 Fastweb SpA
222,00,it,39 Fix Line
222,99,it,39 Hi3G
222,77,it,39 IPSE 2000
222,35,it,39 Lycamobile Srl
222,07,it,39 Noverca Italia Srl
222,00,it,39 Premium Number(s)
222,30,it,39 RFI Rete Ferroviaria Italiana SpA
222,48,it,39 Telecom Italia Mobile SpA
222,43,it,39 Telecom Italia Mobile SpA
222,01,it,39 TIM
222,10,it,39 Vodafone
222,06,it,39 Vodafone
222,00,it,39 VOIP Line
222,44,it,39 WIND (Blu) -
222,88,it,39 WIND (Blu) -
612,07,ci,225 Aircomm SA
612,02,ci,225 Atlantik Tel./Moov
612,04,ci,225 Comium
612,01,ci,225 Comstar
612,05,ci,225 MTN
612,03,ci,225 Orange
612,06,ci,225 OriCell
440,00,jp,81 Y-Mobile
440,72,jp,81 KDDI Corporation
440,54,jp,81 KDDI Corporation
440,79,jp,81 KDDI Corporation
440,07,jp,81 KDDI Corporation
440,73,jp,81 KDDI Corporation
440,55,jp,81 KDDI Corporation
440,88,jp,81 KDDI Corporation
440,50,jp,81 KDDI Corporation
440,74,jp,81 KDDI Corporation
440,70,jp,81 KDDI Corporation
440,89,jp,81 KDDI Corporation
440,51,jp,81 KDDI Corporation
440,75,jp,81 KDDI Corporation
440,56,jp,81 KDDI Corporation
441,70,jp,81 KDDI Corporation
440,52,jp,81 KDDI Corporation
440,76,jp,81 KDDI Corporation
440,71,jp,81 KDDI Corporation
440,53,jp,81 KDDI Corporation
440,77,jp,81 KDDI Corporation
440,08,jp,81 KDDI Corporation
441,45,jp,81 NTT Docomo
440,24,jp,81 NTT Docomo
440,15,jp,81 NTT Docomo
441,98,jp,81 NTT Docomo
441,42,jp,81 NTT Docomo
440,68,jp,81 NTT Docomo
440,38,jp,81 NTT Docomo
440,26,jp,81 NTT Docomo
440,11,jp,81 NTT Docomo
440,63,jp,81 NTT Docomo
440,21,jp,81 NTT Docomo
441,44,jp,81 NTT Docomo
440,13,jp,81 NTT Docomo
440,23,jp,81 NTT Docomo
440,01,jp,81 NTT Docomo
440,16,jp,81 NTT Docomo
441,99,jp,81 NTT Docomo
440,34,jp,81 NTT Docomo
440,69,jp,81 NTT Docomo
440,37,jp,81 NTT Docomo
440,25,jp,81 NTT Docomo
440,64,jp,81 NTT Docomo
440,22,jp,81 NTT Docomo
441,43,jp,81 NTT Docomo
440,27,jp,81 NTT Docomo
440,02,jp,81 NTT Docomo
440,17,jp,81 NTT Docomo
440,31,jp,81 NTT Docomo
440,87,jp,81 NTT Docomo
440,36,jp,81 NTT Docomo
441,92,jp,81 NTT Docomo
440,65,jp,81 NTT Docomo
440,12,jp,81 NTT Docomo
440,58,jp,81 NTT Docomo
440,28,jp,81 NTT Docomo
440,03,jp,81 NTT Docomo
440,18,jp,81 NTT Docomo
441,91,jp,81 NTT Docomo
440,32,jp,81 NTT Docomo
440,61,jp,81 NTT Docomo
440,35,jp,81 NTT Docomo
441,93,jp,81 NTT Docomo
441,40,jp,81 NTT Docomo
440,66,jp,81 NTT Docomo
440,49,jp,81 NTT Docomo
440,29,jp,81 NTT Docomo
440,09,jp,81 NTT Docomo
440,19,jp,81 NTT Docomo
441,90,jp,81 NTT Docomo
440,33,jp,81 NTT Docomo
440,60,jp,81 NTT Docomo
440,14,jp,81 NTT Docomo
441,94,jp,81 NTT Docomo
441,41,jp,81 NTT Docomo
440,67,jp,81 NTT Docomo
440,39,jp,81 NTT Docomo
440,30,jp,81 NTT Docomo
440,10,jp,81 NTT Docomo
440,62,jp,81 NTT Docomo
440,99,jp,81 NTT Docomo
440,78,jp,81 Okinawa Cellular Telephone
440,45,jp,81 SoftBank Mobile Corp
440,20,jp,81 SoftBank Mobile Corp
440,96,jp,81 SoftBank Mobile Corp
440,40,jp,81 SoftBank Mobile Corp
441,63,jp,81 SoftBank Mobile Corp
440,47,jp,81 SoftBank Mobile Corp
440,95,jp,81 SoftBank Mobile Corp
440,41,jp,81 SoftBank Mobile Corp
441,64,jp,81 SoftBank Mobile Corp
440,97,jp,81 SoftBank Mobile Corp
440,46,jp,81 SoftBank Mobile Corp
440,42,jp,81 SoftBank Mobile Corp
441,65,jp,81 SoftBank Mobile Corp
440,90,jp,81 SoftBank Mobile Corp
440,98,jp,81 SoftBank Mobile Corp
440,92,jp,81 SoftBank Mobile Corp
440,43,jp,81 SoftBank Mobile Corp
440,93,jp,81 SoftBank Mobile Corp
440,48,jp,81 SoftBank Mobile Corp
441,61,jp,81 SoftBank Mobile Corp
440,06,jp,81 SoftBank Mobile Corp
440,44,jp,81 SoftBank Mobile Corp
440,94,jp,81 SoftBank Mobile Corp
440,04,jp,81 SoftBank Mobile Corp
441,62,jp,81 SoftBank Mobile Corp
440,85,jp,81 KDDI Corporation
440,83,jp,81 KDDI Corporation
440,86,jp,81 KDDI Corporation
440,81,jp,81 KDDI Corporation
440,80,jp,81 KDDI Corporation
440,84,jp,81 KDDI Corporation
440,82,jp,81 KDDI Corporation
416,77,jo,962 Orange/Petra
416,03,jo,962 Umniah Mobile Co.
416,02,jo,962 Xpress
416,01,jo,962 ZAIN /J.M.T.S
401,01,kz,7 Beeline/KaR-Tel LLP
401,07,kz,7 Dalacom/Altel
401,02,kz,7 K-Cell
401,77,kz,7 Tele2/NEO/MTS
639,05,ke,254 Econet Wireless
639,07,ke,254 Orange
639,02,ke,254 Safaricom Ltd.
639,03,ke,254 Airtel/Zain/Celtel Ltd.
545,09,ki,686 Kiribati Frigate
450,02,kr,82 KT Freetel Co. Ltd.
450,04,kr,82 KT Freetel Co. Ltd.
450,08,kr,82 KT Freetel Co. Ltd.
450,06,kr,82 LG Telecom
450,03,kr,82 SK Telecom
450,05,kr,82 SK Telecom Co. Ltd
419,04,kw,965 Viva
419,03,kw,965 Wataniya
419,02,kw,965 Zain
437,03,kg,996 AkTel LLC
437,01,kg,996 Beeline/Bitel
437,05,kg,996 MEGACOM
437,09,kg,996 O!/NUR Telecom
457,02,la,856 ETL Mobile
457,01,la,856 Lao Tel
457,08,la,856 Beeline/Tigo/Millicom
457,03,la,856 UNITEL/LAT
247,05,lv,371 Bite
247,01,lv,371 Latvian Mobile Phone
247,09,lv,371 SIA Camel Mobile
247,08,lv,371 SIA IZZI
247,07,lv,371 SIA Master Telecom
247,06,lv,371 SIA Rigatta
247,02,lv,371 Tele2
247,03,lv,371 TRIATEL/Telekom Baltija
415,35,lb,961 Cellis
415,33,lb,961 Cellis
415,32,lb,961 Cellis
415,34,lb,961 FTML Cellis
415,39,lb,961 MIC2/LibanCell/MTC
415,38,lb,961 MIC2/LibanCell/MTC
415,37,lb,961 MIC2/LibanCell/MTC
415,01,lb,961 MIC1 (Alfa)
415,03,lb,961 MIC2/LibanCell/MTC
415,36,lb,961 MIC2/LibanCell/MTC
651,02,ls,266 Econet/Ezi-cel
651,01,ls,266 Vodacom Lesotho
618,07,lr,231 CELLCOM
618,04,lr,231 Comium BVI
618,02,lr,231 Libercell
618,20,lr,231 LibTelco
618,01,lr,231 Lonestar
606,02,ly,218 Al-Madar
606,01,ly,218 Al-Madar
606,06,ly,218 Hatef
606,00,ly,218 Libyana
606,03,ly,218 Libyana
295,06,li,423 CUBIC (Liechtenstein
295,07,li,423 First Mobile AG
295,02,li,423 Orange
295,01,li,423 Swisscom FL AG
295,77,li,423 Alpmobile/Tele2
295,05,li,423 Telecom FL1 AG
246,02,lt,370 Bite
246,01,lt,370 Omnitel
246,03,lt,370 Tele2
270,77,lu,352 Millicom Tango GSM
270,01,lu,352 P+T/Post LUXGSM
270,99,lu,352 Orange/VOXmobile S.A.
455,01,mo,853 C.T.M. TELEMOVEL+
455,04,mo,853 C.T.M. TELEMOVEL+
455,02,mo,853 China Telecom
455,05,mo,853 Hutchison Telephone Co. Ltd
455,03,mo,853 Hutchison Telephone Co. Ltd
455,00,mo,853 Smartone Mobile
455,06,mo,853 Smartone Mobile
294,75,mk,389 ONE/Cosmofone
294,02,mk,389 ONE/Cosmofone
294,01,mk,389 T-Mobile/Mobimak
294,03,mk,389 VIP Mobile
646,01,mg,261 Airtel/MADACOM
646,02,mg,261 Orange/Soci
646,03,mg,261 Sacel
646,04,mg,261 Telma
650,01,mw,265 TNM/Telekom Network Ltd.
650,10,mw,265 Airtel/Zain/Celtel ltd.
502,01,my,60 Art900
502,19,my,60 CelCom
502,13,my,60 CelCom
502,10,my,60 Digi Telecommunications
502,16,my,60 Digi Telecommunications
502,20,my,60 Electcoms Wireless Sdn Bhd
502,17,my,60 Maxis
502,12,my,60 Maxis
502,11,my,60 MTX Utara
502,18,my,60 U Mobile
472,01,mv,960 Dhiraagu/C&W
472,02,mv,960 Ooredo/Wataniya
610,01,ml,223 Malitel
610,02,ml,223 Orange/IKATEL
278,21,mt,356 GO/Mobisle
278,77,mt,356 Melita
278,01,mt,356 Vodafone
340,12,mq,596 UTS Caraibe
609,02,mr,222 Chinguitel SA
609,01,mr,222 Mattel
609,10,mr,222 Mauritel
617,10,mu,230 Emtel Ltd
617,02,mu,230 Mahanagar Telephone
617,03,mu,230 Mahanagar Telephone
617,01,mu,230 Orange/Cellplus
334,50,mx,52 IUSACell/UneFon
334,04,mx,52 IUSACell/UneFon
334,03,mx,52 Movistar/Pegaso
334,01,mx,52 NEXTEL
334,09,mx,52 NEXTEL
334,02,mx,52 TelCel/America Movil
550,01,fm,691 FSM Telecom
259,04,md,373 Eventis Mobile
259,99,md,373 IDC/Unite
259,05,md,373 IDC/Unite
259,03,md,373 IDC/Unite
259,02,md,373 Moldcell
259,01,md,373 Orange/Voxtel
212,10,mc,377 Monaco Telecom
212,01,mc,377 Monaco Telecom
428,98,mn,976 G-Mobile Corporation Ltd
428,99,mn,976 Mobicom
428,00,mn,976 Skytel Co. Ltd
428,88,mn,976 Unitel
297,02,me,382 Monet/T-mobile
297,03,me,382 Mtel
297,01,me,382 Telenor/Promonte GSM
604,01,ma,212 IAM/Itissallat
604,02,ma,212 INWI/WANA
604,00,ma,212 Medi Telecom
643,01,mz,258 mCel
643,03,mz,258 Movitel
643,04,mz,258 Vodacom
414,01,mm,95 Myanmar Post & Teleco.
414,05,mm,95 Oreedoo
414,06,mm,95 Telenor
649,03,na,264 Leo / Orascom
649,01,na,264 MTC
649,02,na,264 Switch/Nam. Telec.
429,02,np,977 Ncell
429,01,np,977 NT Mobile / Namaste
429,04,np,977 Smart Cell
204,14,nl,31 6GMOBILE BV
204,23,nl,31 Aspider Solutions
204,05,nl,31 Elephant Talk Communications Premium Rate Services Netherlands BV
204,17,nl,31 Intercity Mobile Communications BV
204,10,nl,31 KPN Telecom B.V.
204,08,nl,31 KPN Telecom B.V.
204,69,nl,31 KPN Telecom B.V.
204,12,nl,31 KPN/Telfort
204,28,nl,31 Lancelot BV
204,09,nl,31 Lycamobile Ltd
204,06,nl,31 Mundio/Vectone Mobile
204,21,nl,31 NS Railinfrabeheer B.V.
204,24,nl,31 Private Mobility Nederland BV
204,98,nl,31 T-Mobile B.V.
204,16,nl,31 T-Mobile B.V.
204,20,nl,31 T-mobile/former Orange
204,02,nl,31 Tele2
204,07,nl,31 Teleena Holding BV
204,68,nl,31 Unify Mobile
204,18,nl,31 UPC Nederland BV
204,04,nl,31 Vodafone Libertel
204,03,nl,31 Voiceworks Mobile BV
204,15,nl,31 Ziggo BV
362,51,an,599 TELCELL GSM
362,91,an,599 SETEL GSM
546,01,nc,687 OPT Mobilis
530,28,nz,64 2degrees
530,05,nz,64 NZ Telecom CDMA
530,02,nz,64 NZ Telecom CDMA
530,04,nz,64 Telstra
530,24,nz,64 Two Degrees Mobile Ltd
530,01,nz,64 Vodafone
530,03,nz,64 Walker Wireless Ltd.
710,21,ni,505 Empresa Nicaraguense de Telecomunicaciones SA (ENITEL)
710,30,ni,505 Movistar
710,73,ni,505 Claro
614,03,ne,227 MOOV/TeleCel
614,04,ne,227 Orange/Sahelc.
614,01,ne,227 Orange/Sahelc.
614,02,ne,227 Airtel/Zain/CelTel
621,20,ng,234 Airtel/ZAIN/Econet
621,60,ng,234 ETISALAT
621,50,ng,234 Glo Mobile
621,40,ng,234 M-Tel/Nigeria Telecom. Ltd.
621,30,ng,234 MTN
621,99,ng,234 Starcomms
621,01,ng,234 Visafone
621,25,ng,234 Visafone
555,01,nu,683 Niue Telecom
242,09,no,47 Com4 AS
242,20,no,47 Jernbaneverket (GSM-R)
242,21,no,47 Jernbaneverket (GSM-R)
242,23,no,47 Lycamobile Ltd
242,02,no,47 Netcom
242,22,no,47 Network Norway AS
242,05,no,47 Network Norway AS
242,06,no,47 ICE Nordisk Mobiltelefon AS
242,08,no,47 TDC Mobil A/S
242,04,no,47 Tele2
242,12,no,47 Telenor
242,01,no,47 Telenor
242,03,no,47 Teletopia
242,07,no,47 Ventelo AS
422,03,om,968 Nawras
422,02,om,968 Oman Mobile/GTO
410,08,pk,92 Instaphone
410,01,pk,92 Mobilink
410,06,pk,92 Telenor
410,03,pk,92 UFONE/PAKTel
410,07,pk,92 Warid Telecom
410,04,pk,92 ZONG/CMPak
552,80,pw,680 Palau Mobile Corp. (PMC) (Palau
552,01,pw,680 Palau National Communications Corp. (PNCC) (Palau
425,05,ps,970 Jawwal
425,06,ps,970 Wataniya Mobile
714,01,pa,507 Cable & W./Mas Movil
714,03,pa,507 Claro
714,04,pa,507 Digicel
714,020,paPanama 507 Movistar
714,02,pa,507 Movistar
537,03,pg,New Guinea 675 Digicel
537,02,pg,New Guinea 675 GreenCom PNG Ltd
537,01,pg,New Guinea 675 Pacific Mobile
744,02,py,595 Claro/Hutchison
744,03,py,595 Compa
744,01,py,595 Hola/VOX
744,05,py,595 TIM/Nucleo/Personal
744,04,py,595 Tigo/Telecel
716,20,pe,51 Claro /Amer.Mov./TIM
716,10,pe,51 Claro /Amer.Mov./TIM
716,02,pe,51 GlobalStar
716,01,pe,51 GlobalStar
716,06,pe,51 Movistar
716,17,pe,51 Nextel
716,07,pe,51 Nextel
716,15,pe,51 Viettel Mobile
515,00,ph,63 Fix Line
515,02,ph,63 Globe Telecom
515,01,ph,63 Globe Telecom
515,88,ph,63 Next Mobile
515,18,ph,63 RED Mobile/Cure
515,03,ph,63 Smart
515,05,ph,63 SUN/Digitel
260,17,pl,48 Aero2 SP.
260,18,pl,48 AMD Telecom.
260,38,pl,48 CallFreedom Sp. z o.o.
260,12,pl,48 Cyfrowy POLSAT S.A.
260,08,pl,48 e-Telko
260,09,pl,48 Lycamobile
260,16,pl,48 Mobyland
260,36,pl,48 Mundio Mobile Sp. z o.o.
260,07,pl,48 Play/P4
260,11,pl,48 NORDISK Polska
260,03,pl,48 Orange/IDEA/Centertel
260,05,pl,48 Orange/IDEA/Centertel
260,35,pl,48 PKP Polskie Linie Kolejowe S.A.
260,06,pl,48 Play/P4
260,98,pl,48 Play/P4
260,01,pl,48 Polkomtel/Plus
260,14,pl,48 Sferia
260,13,pl,48 Sferia
260,10,pl,48 Sferia
260,34,pl,48 T-Mobile/ERA
260,02,pl,48 T-Mobile/ERA
260,15,pl,48 Tele2
260,04,pl,48 Tele2
268,04,pt,351 CTT - Correios de Portugal SA
268,07,pt,351 NOS/Optimus
268,03,pt,351 NOS/Optimus
268,06,pt,351 MEO/TMN
268,01,pt,351 Vodafone
330,11,pr,Puerto Rico Telephone Company Inc. (PRTC)
427,01,qa,974 Ooredoo/Qtel
427,02,qa,974 Vodafone
647,00,re,262 Orange
647,02,re,262 Outremer Telecom
647,10,re,262 SFR
226,03,ro,40 Cosmote
226,11,ro,40 Enigma Systems
226,10,ro,40 Orange
226,05,ro,40 RCS&RDS Digi Mobile
226,02,ro,40 Romtelecom SA
226,06,ro,40 Telemobil/Zapp
226,01,ro,40 Vodafone
226,04,ro,40 Telemobil/Zapp
250,12,ru,79 Baykal Westcom
250,28,ru,79 BeeLine/VimpelCom
250,10,ru,79 DTC/Don Telecom
250,13,ru,79 Kuban GSM
250,35,ru,79 MOTIV/LLC Ekaterinburg-2000
250,02,ru,79 Megafon
250,01,ru,79 MTS
250,03,ru,79 NCC
250,16,ru,79 NTC
250,19,ru,79 OJSC Altaysvyaz
250,11,ru,79 Orensot
250,92,ru,79 Printelefone
250,04,ru,79 Sibchallenge
250,44,ru,79 StavTelesot
250,20,ru,79 Tele2/ECC/Volgogr.
250,93,ru,79 Telecom XXL
250,39,ru,79 UralTel
250,17,ru,79 UralTel
250,99,ru,79 BeeLine/VimpelCom
250,05,ru,79 Yenisey Telecom
250,15,ru,79 ZAO SMARTS
250,07,ru,79 ZAO SMARTS
635,14,rw,250 Airtel
635,10,rw,250 MTN/Rwandacell
635,13,rw,250 TIGO
356,50,kn,1869 Digicel
356,70,kn,1869 UTS Cariglobe
358,30,lc,1758 Cingular Wireless
358,50,lc,1758 Digicel (St Lucia) Limited
549,27,ws,685 Samoatel Mobile
549,01,ws,685 Telecom Samoa Cellular Ltd.
292,01,sm,378 Prima Telecom
626,01,st,239 CSTmovel
901,14,Sa,tellite Networks 870 AeroMobile
901,11,Sa,tellite Networks 870 InMarSAT
901,12,Sa,tellite Networks 870 Maritime Communications Partner AS
901,05,Sa,tellite Networks 870 Thuraya Satellite
420,07,sa,966 Zain
420,03,sa,966 Etihad/Etisalat/Mobily
420,01,sa,966 STC/Al Jawal
420,05,sa,966 Virgin Mobile
420,04,sa,966 Zain
608,03,sn,221 Expresso/Sudatel
608,01,sn,221 Orange/Sonatel
608,02,sn,221 TIGO/Sentel GSM
220,03,rs,381 MTS/Telekom Srbija
220,01,rs,381 Telenor/Mobtel
220,02,rs,381 Telenor/Mobtel
220,05,rs,381 VIP Mobile
633,10,sc,248 Airtel
633,01,sc,248 C&W
633,02,sc,248 Smartcom
619,03,sl,232 Africel
619,01,sl,232 Airtel/Zain/Celtel
619,04,sl,232 Comium
619,05,sl,232 Africel
619,02,sl,232 Tigo/Millicom
619,25,sl,232 Mobitel
525,12,sg,65 GRID Communications Pte Ltd
525,03,sg,65 MobileOne Ltd
525,02,sg,65 Singtel
525,01,sg,65 Singtel
525,07,sg,65 Singtel
525,06,sg,65 Starhub
525,05,sg,65 Starhub
231,03,sk,421 4Ka
231,06,sk,421 O2
231,01,sk,421 Orange
231,05,sk,421 Orange
231,15,sk,421 Orange
231,02,sk,421 T-Mobile
231,04,sk,421 T-Mobile
231,99,sk,421 Zeleznice Slovenskej republiky (ZSR)
293,41,si,386 Mobitel
293,40,si,386 SI.Mobil
293,10,si,386 Slovenske zeleznice d.o.o.
293,64,si,386 T-2 d.o.o.
293,70,si,386 Telemach/TusMobil/VEGA
540,02,sb,677 bemobile
540,10,sb,677 BREEZE
540,01,sb,677 BREEZE
637,30,so,252 Golis
637,19,so,252 HorTel
637,10,so,252 Nationlink
637,60,so,252 Nationlink
637,04,so,252 Somafone
637,82,so,252 Telcom Mobile Somalia
637,01,so,252 Telesom
655,02,za,27 8.ta
655,21,za,27 Cape Town Metropolitan
655,07,za,27 Cell C
655,12,za,27 MTN
655,10,za,27 MTN
655,06,za,27 Sentech
655,01,za,27 Vodacom
655,19,za,27 Wireless Business Solutions (Pty) Ltd
659,03,ss,Gemtel Ltd (South Sudan
659,02,ss,MTN South Sudan (South Sudan
659,04,ss,Network of The World Ltd (NOW) (South Sudan
659,06,ss,Zain South Sudan (South Sudan
214,23,es,34 Lycamobile SL
214,22,es,34 Digi Spain Telecom SL
214,15,es,34 BT Espana SAU
214,18,es,34 Cableuropa SAU (ONO)
214,08,es,34 Euskaltel SA
214,20,es,34 fonYou Wireless SL
214,21,es,34 Jazz Telecom SAU
214,26,es,34 Lleida
214,25,es,34 Lycamobile SL
214,07,es,34 Movistar
214,05,es,34 Movistar
214,11,es,34 Orange
214,03,es,34 Orange
214,09,es,34 Orange
214,17,es,34 R Cable y Telec. Galicia SA
214,19,es,34 Simyo/KPN
214,16,es,34 Telecable de Asturias SA
214,27,es,34 Truphone
214,01,es,34 Vodafone
214,06,es,34 Vodafone Enabler Espana SL
214,04,es,34 Yoigo
413,05,lk,94 Airtel
413,03,lk,94 Etisalat/Tigo
413,08,lk,94 H3G Hutchison
413,01,lk,94 Mobitel Ltd.
413,02,lk,94 MTN/Dialog
308,01,pm,508 Ameris
360,10,vc,1784 Cingular
360,70,vc,1784 Digicel
634,00,sd,249 Canar Telecom
634,22,sd,249 MTN
634,02,sd,249 MTN
634,07,sd,249 Sudani One
634,15,sd,249 Sudani One
634,08,sd,249 Vivacell
634,05,sd,249 Vivacell
634,01,sd,249 ZAIN/Mobitel
634,06,sd,249 ZAIN/Mobitel
746,03,sr,597 Digicel
746,01,sr,597 Telesur
746,02,sr,597 Telecommunicatiebedrijf Suriname (TELESUR)
746,04,sr,597 UNIQA
653,10,sz,268 Swazi MTN
653,01,sz,268 SwaziTelecom
240,16,se,46 42 Telecom AB
240,35,se,46 42 Telecom AB
240,26,se,46 Beepsend
240,30,se,46 NextGen Mobile Ltd (CardBoardFish)
240,28,se,46 CoolTEL Aps
240,25,se,46 Digitel Mobile Srl
240,22,se,46 Eu Tel AB
240,27,se,46 Fogg Mobile AB
240,18,se,46 Generic Mobile Systems Sweden AB
240,17,se,46 Gotalandsnatet AB
240,02,se,46 H3G Access AB
240,04,se,46 H3G Access AB
240,36,se,46 ID Mobile
240,23,se,46 Infobip Ltd.
240,11,se,46 Lindholmen Science Park AB
240,12,se,46 Lycamobile Ltd
240,29,se,46 Mercury International Carrier Services
240,19,se,46 Mundio Mobile (Sweden) Ltd
240,10,se,46 Spring Mobil AB
240,05,se,46 Svenska UMTS-N
240,14,se,46 TDC Sverige AB
240,07,se,46 Tele2 Sverige AB
240,24,se,46 Telenor (Vodafone)
240,08,se,46 Telenor (Vodafone)
240,06,se,46 Telenor (Vodafone)
240,01,se,46 Telia Mobile
240,13,se,46 Ventelo Sverige AB
240,20,se,46 Wireless Maingate AB
240,15,se,46 Wireless Maingate Nordic AB
228,51,ch,41 BebbiCell AG
228,09,ch,41 Comfone AG
228,05,ch,41 Comfone AG
228,07,ch,41 TDC Sunrise
228,54,ch,41 Lycamobile AG
228,52,ch,41 Mundio Mobile AG
228,03,ch,41 Salt/Orange
228,01,ch,41 Swisscom
228,12,ch,41 TDC Sunrise
228,02,ch,41 TDC Sunrise
228,08,ch,41 TDC Sunrise
228,53,ch,41 upc cablecom GmbH
417,02,sy,963 MTN/Spacetel
417,09,sy,963 Syriatel Holdings
417,01,sy,963 Syriatel Holdings
466,68,tw,886 ACeS Taiwan - ACeS Taiwan Telecommunications Co Ltd
466,05,tw,886 Asia Pacific Telecom Co. Ltd (APT)
466,11,tw,886 Chunghwa Telecom LDM
466,92,tw,886 Chunghwa Telecom LDM
466,03,tw,886 Far EasTone
466,01,tw,886 Far EasTone
466,02,tw,886 Far EasTone
466,07,tw,886 Far EasTone
466,06,tw,886 Far EasTone
466,10,tw,886 Global Mobile Corp.
466,56,tw,886 International Telecom Co. Ltd (FITEL)
466,88,tw,886 KG Telecom
466,93,tw,886 Mobitai
466,99,tw,886 TransAsia
466,97,tw,886 Taiwan Cellular
466,89,tw,886 T-Star/VIBO
466,09,tw,886 VMAX Telecom Co. Ltd
436,04,tk,992 Babilon-M
436,05,tk,992 Bee Line
436,02,tk,992 CJSC Indigo Tajikistan
436,12,tk,992 Tcell/JC Somoncom
436,03,tk,992 MLT/TT mobile
436,01,tk,992 Tcell/JC Somoncom
640,08,tz,255 Benson Informatics Ltd
640,06,tz,255 Dovetel (T) Ltd
640,09,tz,255 ExcellentCom (T) Ltd
640,11,tz,255 Smile Communications Tanzania Ltd
640,07,tz,255 Tanzania Telecommunications Company Ltd (TTCL)
640,02,tz,255 TIGO/MIC
640,01,tz,255 Tri Telecomm. Ltd.
640,04,tz,255 Vodacom Ltd
640,05,tz,255 Airtel/ZAIN/Celtel
640,03,tz,255 Zantel/Zanzibar Telecom
520,20,th,66 ACeS Thailand - ACeS Regional Services Co Ltd
520,15,th,66 ACT Mobile
520,03,th,66 Advanced Wireless Networks/AWN
520,01,th,66 AIS/Advanced Info Service
520,23,th,66 Digital Phone Co.
520,00,th,66 Hutch/CAT CDMA
520,05,th,66 Total Access (DTAC)
520,18,th,66 Total Access (DTAC)
520,04,th,66 True Move/Orange
520,99,th,66 True Move/Orange
514,01,tp,670 Telin/ Telkomcel
514,02,tp,670 Timor Telecom
615,02,tg,228 Telecel/MOOV
615,03,tg,228 Telecel/MOOV
615,01,tg,228 Togo Telecom/TogoCELL
539,43,to,676 Shoreline Communication
539,01,to,676 Tonga Communications
374,12,tt,1868 Bmobile/TSTT
605,01,tn,216 Orange
605,03,tn,216 Oreedo/Orascom
605,02,tn,216 TuniCell/Tunisia Telecom
286,04,tr,90 AVEA/Aria
286,03,tr,90 AVEA/Aria
286,01,tr,90 Turkcell
286,02,tr,90 Vodafone-Telsim
438,01,tm,993 MTS/Barash Communication
438,02,tm,993 Altyn Asyr/TM-Cell
553,01,tv,Tuvalu Telecommunication Corporation (TTC)
641,01,ug,256 Airtel/Celtel
641,66,ug,256 i-Tel Ltd
641,30,ug,256 K2 Telecom Ltd
641,10,ug,256 MTN Ltd.
641,14,ug,256 Orange
641,33,ug,256 Smile Communications Uganda Ltd
641,18,ug,256 Suretelecom Uganda Ltd
641,11,ug,256 Uganda Telecom Ltd.
641,22,ug,256 Airtel/Warid
255,06,ua,380 Astelit/LIFE
255,05,ua,380 Golden Telecom
255,39,ua,380 Golden Telecom
255,04,ua,380 Intertelecom Ltd (IT)
255,67,ua,380 KyivStar
255,03,ua,380 KyivStar
255,21,ua,380 Telesystems Of Ukraine CJSC (TSU)
255,07,ua,380 TriMob LLC
255,50,ua,380 UMC/MTS
255,02,ua,380 Beeline
255,01,ua,380 UMC/MTS
255,68,ua,380 Beeline
424,03,ae,971 DU
424,02,ae,971 Etisalat
431,02,ae,971 Etisalat
430,02,ae,971 Etisalat
234,03,gb,44 Airtel/Vodafone
234,77,gb,44 BT Group
234,76,gb,44 BT Group
234,92,gb,44 Cable and Wireless
234,07,gb,44 Cable and Wireless
234,36,gb,44 Cable and Wireless Isle of Man
234,18,gb,44 Cloud9/wire9 Tel.
235,02,gb,44 Everyth. Ev.wh.
234,17,gb,44 FlexTel
234,55,gb,44 Guernsey Telecoms
234,14,gb,44 HaySystems
234,20,gb,44 H3G Hutchinson
234,94,gb,44 H3G Hutchinson
234,75,gb,44 Inquam Telecom Ltd
234,50,gb,44 Jersey Telecom
234,35,gb,44 JSC Ingenicum
234,26,gb,44 Lycamobile
234,58,gb,44 Manx Telecom
234,01,gb,44 Mapesbury C. Ltd
234,28,gb,44 Marthon Telecom
234,10,gb,44 O2 Ltd.
234,11,gb,44 O2 Ltd.
234,02,gb,44 O2 Ltd.
234,08,gb,44 OnePhone
234,16,gb,44 Opal Telecom
234,34,gb,44 Everyth. Ev.wh./Orange
234,33,gb,44 Everyth. Ev.wh./Orange
234,19,gb,44 PMN/Teleware
234,12,gb,44 Railtrack Plc
234,22,gb,44 Routotelecom
234,24,gb,44 Stour Marine
234,37,gb,44 Synectiv Ltd.
234,31,gb,44 Everyth. Ev.wh./T-Mobile
234,30,gb,44 Everyth. Ev.wh./T-Mobile
234,32,gb,44 Everyth. Ev.wh./T-Mobile
234,27,gb,44 Vodafone
234,09,gb,44 Tismi
234,25,gb,44 Truphone
234,51,gb,44 Jersey Telecom
234,23,gb,44 Vectofone Mobile Wifi
234,91,gb,44 Vodafone
234,15,gb,44 Vodafone
234,78,gb,44 Wave Telecom Ltd
310,06,us,Consolidated Telcom
310,60,us,Consolidated Telcom
310,34,us,Nevada Wireless LLC
310,46,us,SIMMETRY
310,15,us,Unknown
310,31,us,T-Mobile
310,14,us,Testing
310,23,us,Unknown
310,24,us,Unknown
310,25,us,Unknown
310,38,us,USA 3650 AT&T
310,26,us,Unknown
748,01,uy,598 Ancel/Antel
748,03,uy,598 Ancel/Antel
748,10,uy,598 Claro/AM Wireless
748,07,uy,598 MOVISTAR
434,04,uz,998 Bee Line/Unitel
434,01,uz,998 Buztel
434,07,uz,998 MTS/Uzdunrobita
434,05,uz,998 Ucell/Coscom
434,02,uz,998 Uzmacom
541,05,vu,678 DigiCel
541,01,vu,678 SMILE
734,03,ve,58 DigiTel C.A.
734,02,ve,58 DigiTel C.A.
734,01,ve,58 DigiTel C.A.
734,06,ve,58 Movilnet C.A.
734,04,ve,58 Movistar/TelCel
452,07,vn,84 Beeline
452,01,vn,84 Mobifone
452,03,vn,84 S-Fone/Telecom
452,05,vn,84 VietnaMobile
452,06,vn,84 Viettel Mobile
452,08,vn,84 Viettel Mobile
452,04,vn,84 Viettel Mobile
452,02,vn,84 Vinaphone
376,50,vi,Digicel
421,04,ye,967 HITS/Y Unitel
421,02,ye,967 MTN/Spacetel
421,01,ye,967 Sabaphone
421,03,ye,967 Yemen Mob. CDMA
645,03,zm,260 Zamtel/Cell Z/MTS
645,02,zm,260 MTN/Telecel
645,01,zm,260 Airtel/Zain/Celtel
648,04,zw,263 Econet
648,01,zw,263 Net One
648,03,zw,263 Telecel
